<?xml version="1.0" encoding="UTF-8"?>
<!--
        Licensed to the Apache Software Foundation (ASF) under one
        or more contributor license agreements. See the NOTICE file
        distributed with this work for additional information
        regarding copyright ownership. The ASF licenses this file
        to you under the Apache License, Version 2.0 (the
        "License"); you may not use this file except in compliance
        with the License. You may obtain a copy of the License at
        
        http://www.apache.org/licenses/LICENSE-2.0
        
        Unless required by applicable law or agreed to in writing,
        software distributed under the License is distributed on an
        "AS IS" BASIS, WITHOUT WARRANTIES OR CONDITIONS OF ANY
        KIND, either express or implied. See the License for the
        specific language governing permissions and limitations
        under the License.
-->
<!-- START SNIPPET: beans -->
<beans xmlns="http://www.springframework.org/schema/beans"
    xmlns:xsi="http://www.w3.org/2001/XMLSchema-instance"
    xmlns:simple="http://cxf.apache.org/simple"
    xmlns:lang="http://www.springframework.org/schema/lang"
    xsi:schemaLocation="http://www.springframework.org/schema/beans http://www.springframework.org/schema/beans/spring-beans.xsd http://www.springframework.org/schema/lang http://www.springframework.org/schema/lang/spring-lang.xsd http://cxf.apache.org/simple http://cxf.apache.org/schemas/simple.xsd">
    <import resource="classpath:META-INF/cxf/cxf.xml"/>
    <import resource="classpath:META-INF/cxf/cxf-servlet.xml"/>
    
    <lang:groovy id="helloworld" script-source="classpath:HelloWorld.groovy" scope="prototype" />
    
    <lang:groovy id="helloworldImpl" script-source="classpath:HelloWorldImpl.groovy" scope="prototype" />
    
    <simple:server serviceClass="demo.spring.HelloWorld" address="/HelloWorld">
        <simple:serviceBean>
            <ref bean="helloworldImpl"/>
        </simple:serviceBean>
        <simple:features>
            <bean class="org.apache.cxf.ext.logging.LoggingFeature" />
        </simple:features>
    </simple:server>
    
</beans>
<!-- END SNIPPET: beans -->